<?xml version="1.0" ?>

<SEARCH>
	<GRAPH>
		<DESCRIPTION>
			<SHORT>null</SHORT>
			<DETAILED>null</DETAILED>
		</DESCRIPTION>

		<!-- Node Definitions -->

		<NODE>
			<NAME>A</NAME>
			<INDEX>0</INDEX>
			<XPOS>7666.739</XPOS>
			<YPOS>5082.712</YPOS>
			<TYPE>START</TYPE>
			<HEURISTICVALUE>4.24</HEURISTICVALUE>
		</NODE>

		<!-- Node Definitions -->

		<NODE>
			<NAME>B</NAME>
			<INDEX>1</INDEX>
			<XPOS>7797.526</XPOS>
			<YPOS>5079.4004</YPOS>
			<TYPE>REGULAR</TYPE>
			<HEURISTICVALUE>3.61</HEURISTICVALUE>
		</NODE>

		<!-- Node Definitions -->

		<NODE>
			<NAME>C</NAME>
			<INDEX>2</INDEX>
			<XPOS>7933.2773</XPOS>
			<YPOS>5077.7446</YPOS>
			<TYPE>REGULAR</TYPE>
			<HEURISTICVALUE>3.16</HEURISTICVALUE>
		</NODE>

		<!-- Node Definitions -->

		<NODE>
			<NAME>D</NAME>
			<INDEX>3</INDEX>
			<XPOS>8062.4087</XPOS>
			<YPOS>5079.4004</YPOS>
			<TYPE>REGULAR</TYPE>
			<HEURISTICVALUE>3.0</HEURISTICVALUE>
		</NODE>

		<!-- Node Definitions -->

		<NODE>
			<NAME>F</NAME>
			<INDEX>4</INDEX>
			<XPOS>8188.2275</XPOS>
			<YPOS>5082.712</YPOS>
			<TYPE>REGULAR</TYPE>
			<HEURISTICVALUE>3.16</HEURISTICVALUE>
		</NODE>

		<!-- Node Definitions -->

		<NODE>
			<NAME>G</NAME>
			<INDEX>5</INDEX>
			<XPOS>8186.5713</XPOS>
			<YPOS>5239.986</YPOS>
			<TYPE>REGULAR</TYPE>
			<HEURISTICVALUE>2.24</HEURISTICVALUE>
		</NODE>

		<!-- Node Definitions -->

		<NODE>
			<NAME>H</NAME>
			<INDEX>6</INDEX>
			<XPOS>8186.5713</XPOS>
			<YPOS>5393.9478</YPOS>
			<TYPE>REGULAR</TYPE>
			<HEURISTICVALUE>1.41</HEURISTICVALUE>
		</NODE>

		<!-- Node Definitions -->

		<NODE>
			<NAME>I</NAME>
			<INDEX>7</INDEX>
			<XPOS>8188.2275</XPOS>
			<YPOS>5542.9434</YPOS>
			<TYPE>REGULAR</TYPE>
			<HEURISTICVALUE>1.0</HEURISTICVALUE>
		</NODE>

		<!-- Node Definitions -->

		<NODE>
			<NAME>J</NAME>
			<INDEX>8</INDEX>
			<XPOS>8060.7515</XPOS>
			<YPOS>5544.5996</YPOS>
			<TYPE>GOAL</TYPE>
			<HEURISTICVALUE>0.0</HEURISTICVALUE>
		</NODE>

		<!-- Node Definitions -->

		<NODE>
			<NAME>K</NAME>
			<INDEX>9</INDEX>
			<XPOS>7928.311</XPOS>
			<YPOS>5546.255</YPOS>
			<TYPE>REGULAR</TYPE>
			<HEURISTICVALUE>1.0</HEURISTICVALUE>
		</NODE>

		<!-- Node Definitions -->

		<NODE>
			<NAME>L</NAME>
			<INDEX>10</INDEX>
			<XPOS>7929.9663</XPOS>
			<YPOS>5398.9136</YPOS>
			<TYPE>REGULAR</TYPE>
			<HEURISTICVALUE>1.41</HEURISTICVALUE>
		</NODE>

		<!-- Node Definitions -->

		<NODE>
			<NAME>M</NAME>
			<INDEX>11</INDEX>
			<XPOS>7795.869</XPOS>
			<YPOS>5397.2593</YPOS>
			<TYPE>REGULAR</TYPE>
			<HEURISTICVALUE>2.24</HEURISTICVALUE>
		</NODE>

		<!-- Node Definitions -->

		<NODE>
			<NAME>N</NAME>
			<INDEX>12</INDEX>
			<XPOS>7661.773</XPOS>
			<YPOS>5395.604</YPOS>
			<TYPE>REGULAR</TYPE>
			<HEURISTICVALUE>3.16</HEURISTICVALUE>
		</NODE>

		<!-- Node Definitions -->

		<NODE>
			<NAME>O</NAME>
			<INDEX>13</INDEX>
			<XPOS>7665.0845</XPOS>
			<YPOS>5239.986</YPOS>
			<TYPE>REGULAR</TYPE>
			<HEURISTICVALUE>3.61</HEURISTICVALUE>
		</NODE>

		<!-- Edge Definitions -->

		<EDGE>
			<STARTINDEX>0</STARTINDEX>
			<ENDINDEX>1</ENDINDEX>
			<COST>1.0</COST>
		</EDGE>
		<EDGE>
			<STARTINDEX>1</STARTINDEX>
			<ENDINDEX>2</ENDINDEX>
			<COST>1.0</COST>
		</EDGE>
		<EDGE>
			<STARTINDEX>2</STARTINDEX>
			<ENDINDEX>3</ENDINDEX>
			<COST>1.0</COST>
		</EDGE>
		<EDGE>
			<STARTINDEX>3</STARTINDEX>
			<ENDINDEX>4</ENDINDEX>
			<COST>1.0</COST>
		</EDGE>
		<EDGE>
			<STARTINDEX>4</STARTINDEX>
			<ENDINDEX>5</ENDINDEX>
			<COST>1.0</COST>
		</EDGE>
		<EDGE>
			<STARTINDEX>6</STARTINDEX>
			<ENDINDEX>7</ENDINDEX>
			<COST>1.0</COST>
		</EDGE>
		<EDGE>
			<STARTINDEX>5</STARTINDEX>
			<ENDINDEX>6</ENDINDEX>
			<COST>1.0</COST>
		</EDGE>
		<EDGE>
			<STARTINDEX>7</STARTINDEX>
			<ENDINDEX>8</ENDINDEX>
			<COST>1.0</COST>
		</EDGE>
		<EDGE>
			<STARTINDEX>0</STARTINDEX>
			<ENDINDEX>13</ENDINDEX>
			<COST>1.0</COST>
		</EDGE>
		<EDGE>
			<STARTINDEX>13</STARTINDEX>
			<ENDINDEX>12</ENDINDEX>
			<COST>1.0</COST>
		</EDGE>
		<EDGE>
			<STARTINDEX>12</STARTINDEX>
			<ENDINDEX>11</ENDINDEX>
			<COST>1.0</COST>
		</EDGE>
		<EDGE>
			<STARTINDEX>11</STARTINDEX>
			<ENDINDEX>10</ENDINDEX>
			<COST>1.0</COST>
		</EDGE>
		<EDGE>
			<STARTINDEX>10</STARTINDEX>
			<ENDINDEX>9</ENDINDEX>
			<COST>1.0</COST>
		</EDGE>
		<EDGE>
			<STARTINDEX>9</STARTINDEX>
			<ENDINDEX>8</ENDINDEX>
			<COST>1.0</COST>
		</EDGE>

		<!-- Heuristic Settings -->

		<HEURISTIC value="MANUAL"></HEURISTIC>
		<EDGECOSTS value="MANUAL"></EDGECOSTS>

	</GRAPH>
</SEARCH>
