<?xml version="1.0" ?>

<SEARCH>
	<GRAPH>
		<DESCRIPTION>
			<SHORT>null</SHORT>
			<DETAILED>null</DETAILED>
		</DESCRIPTION>

		<!-- Node Definitions -->

		<NODE>
			<NAME>A</NAME>
			<INDEX>0</INDEX>
			<XPOS>7695.726</XPOS>
			<YPOS>5084.035</YPOS>
			<TYPE>START</TYPE>
			<HEURISTICVALUE>4.12</HEURISTICVALUE>
		</NODE>

		<!-- Node Definitions -->

		<NODE>
			<NAME>B</NAME>
			<INDEX>1</INDEX>
			<XPOS>7825.7603</XPOS>
			<YPOS>5080.742</YPOS>
			<TYPE>REGULAR</TYPE>
			<HEURISTICVALUE>3.16</HEURISTICVALUE>
		</NODE>

		<!-- Node Definitions -->

		<NODE>
			<NAME>C</NAME>
			<INDEX>2</INDEX>
			<XPOS>7960.73</XPOS>
			<YPOS>5079.095</YPOS>
			<TYPE>REGULAR</TYPE>
			<HEURISTICVALUE>2.24</HEURISTICVALUE>
		</NODE>

		<!-- Node Definitions -->

		<NODE>
			<NAME>D</NAME>
			<INDEX>3</INDEX>
			<XPOS>8089.1157</XPOS>
			<YPOS>5080.742</YPOS>
			<TYPE>REGULAR</TYPE>
			<HEURISTICVALUE>1.41</HEURISTICVALUE>
		</NODE>

		<!-- Node Definitions -->

		<NODE>
			<NAME>F</NAME>
			<INDEX>4</INDEX>
			<XPOS>8214.21</XPOS>
			<YPOS>5084.035</YPOS>
			<TYPE>REGULAR</TYPE>
			<HEURISTICVALUE>1.0</HEURISTICVALUE>
		</NODE>

		<!-- Node Definitions -->

		<NODE>
			<NAME>G</NAME>
			<INDEX>5</INDEX>
			<XPOS>8212.564</XPOS>
			<YPOS>5240.402</YPOS>
			<TYPE>GOAL</TYPE>
			<HEURISTICVALUE>0.0</HEURISTICVALUE>
		</NODE>

		<!-- Node Definitions -->

		<NODE>
			<NAME>H</NAME>
			<INDEX>6</INDEX>
			<XPOS>8212.564</XPOS>
			<YPOS>5393.476</YPOS>
			<TYPE>REGULAR</TYPE>
			<HEURISTICVALUE>1.0</HEURISTICVALUE>
		</NODE>

		<!-- Node Definitions -->

		<NODE>
			<NAME>I</NAME>
			<INDEX>7</INDEX>
			<XPOS>8214.21</XPOS>
			<YPOS>5541.614</YPOS>
			<TYPE>REGULAR</TYPE>
			<HEURISTICVALUE>2.0</HEURISTICVALUE>
		</NODE>

		<!-- Node Definitions -->

		<NODE>
			<NAME>J</NAME>
			<INDEX>8</INDEX>
			<XPOS>8087.4697</XPOS>
			<YPOS>5543.259</YPOS>
			<TYPE>REGULAR</TYPE>
			<HEURISTICVALUE>2.24</HEURISTICVALUE>
		</NODE>

		<!-- Node Definitions -->

		<NODE>
			<NAME>K</NAME>
			<INDEX>9</INDEX>
			<XPOS>7955.792</XPOS>
			<YPOS>5544.905</YPOS>
			<TYPE>REGULAR</TYPE>
			<HEURISTICVALUE>2.83</HEURISTICVALUE>
		</NODE>

		<!-- Node Definitions -->

		<NODE>
			<NAME>L</NAME>
			<INDEX>10</INDEX>
			<XPOS>7957.439</XPOS>
			<YPOS>5398.413</YPOS>
			<TYPE>REGULAR</TYPE>
			<HEURISTICVALUE>2.24</HEURISTICVALUE>
		</NODE>

		<!-- Node Definitions -->

		<NODE>
			<NAME>M</NAME>
			<INDEX>11</INDEX>
			<XPOS>7824.1133</XPOS>
			<YPOS>5396.767</YPOS>
			<TYPE>REGULAR</TYPE>
			<HEURISTICVALUE>3.16</HEURISTICVALUE>
		</NODE>

		<!-- Node Definitions -->

		<NODE>
			<NAME>N</NAME>
			<INDEX>12</INDEX>
			<XPOS>7690.7905</XPOS>
			<YPOS>5395.122</YPOS>
			<TYPE>REGULAR</TYPE>
			<HEURISTICVALUE>4.12</HEURISTICVALUE>
		</NODE>

		<!-- Node Definitions -->

		<NODE>
			<NAME>O</NAME>
			<INDEX>13</INDEX>
			<XPOS>7694.0815</XPOS>
			<YPOS>5240.402</YPOS>
			<TYPE>REGULAR</TYPE>
			<HEURISTICVALUE>4.0</HEURISTICVALUE>
		</NODE>

		<!-- Edge Definitions -->

		<EDGE>
			<STARTINDEX>0</STARTINDEX>
			<ENDINDEX>1</ENDINDEX>
			<COST>1.0</COST>
		</EDGE>
		<EDGE>
			<STARTINDEX>1</STARTINDEX>
			<ENDINDEX>2</ENDINDEX>
			<COST>1.0</COST>
		</EDGE>
		<EDGE>
			<STARTINDEX>2</STARTINDEX>
			<ENDINDEX>3</ENDINDEX>
			<COST>1.0</COST>
		</EDGE>
		<EDGE>
			<STARTINDEX>3</STARTINDEX>
			<ENDINDEX>4</ENDINDEX>
			<COST>1.0</COST>
		</EDGE>
		<EDGE>
			<STARTINDEX>4</STARTINDEX>
			<ENDINDEX>5</ENDINDEX>
			<COST>1.0</COST>
		</EDGE>
		<EDGE>
			<STARTINDEX>0</STARTINDEX>
			<ENDINDEX>13</ENDINDEX>
			<COST>1.0</COST>
		</EDGE>
		<EDGE>
			<STARTINDEX>13</STARTINDEX>
			<ENDINDEX>12</ENDINDEX>
			<COST>1.0</COST>
		</EDGE>
		<EDGE>
			<STARTINDEX>12</STARTINDEX>
			<ENDINDEX>11</ENDINDEX>
			<COST>1.0</COST>
		</EDGE>
		<EDGE>
			<STARTINDEX>11</STARTINDEX>
			<ENDINDEX>10</ENDINDEX>
			<COST>1.0</COST>
		</EDGE>
		<EDGE>
			<STARTINDEX>10</STARTINDEX>
			<ENDINDEX>9</ENDINDEX>
			<COST>1.0</COST>
		</EDGE>
		<EDGE>
			<STARTINDEX>9</STARTINDEX>
			<ENDINDEX>8</ENDINDEX>
			<COST>1.0</COST>
		</EDGE>
		<EDGE>
			<STARTINDEX>8</STARTINDEX>
			<ENDINDEX>7</ENDINDEX>
			<COST>1.0</COST>
		</EDGE>
		<EDGE>
			<STARTINDEX>7</STARTINDEX>
			<ENDINDEX>6</ENDINDEX>
			<COST>1.0</COST>
		</EDGE>
		<EDGE>
			<STARTINDEX>6</STARTINDEX>
			<ENDINDEX>5</ENDINDEX>
			<COST>1.0</COST>
		</EDGE>

		<!-- Heuristic Settings -->

		<HEURISTIC value="MANUAL"></HEURISTIC>
		<EDGECOSTS value="MANUAL"></EDGECOSTS>

	</GRAPH>
</SEARCH>
