<?xml version="1.0" ?>

<SEARCH>
	<GRAPH>
		<DESCRIPTION>
			<SHORT>null</SHORT>
			<DETAILED>null</DETAILED>
		</DESCRIPTION>

		<!-- Node Definitions -->

		<NODE>
			<NAME>A</NAME>
			<INDEX>0</INDEX>
			<XPOS>7712.6167</XPOS>
			<YPOS>5108.3496</YPOS>
			<TYPE>START</TYPE>
			<HEURISTICVALUE>7.0</HEURISTICVALUE>
		</NODE>

		<!-- Node Definitions -->

		<NODE>
			<NAME>B</NAME>
			<INDEX>1</INDEX>
			<XPOS>7828.78</XPOS>
			<YPOS>5105.408</YPOS>
			<TYPE>REGULAR</TYPE>
			<HEURISTICVALUE>6.0</HEURISTICVALUE>
		</NODE>

		<!-- Node Definitions -->

		<NODE>
			<NAME>C</NAME>
			<INDEX>2</INDEX>
			<XPOS>7949.353</XPOS>
			<YPOS>5103.938</YPOS>
			<TYPE>REGULAR</TYPE>
			<HEURISTICVALUE>5.0</HEURISTICVALUE>
		</NODE>

		<!-- Node Definitions -->

		<NODE>
			<NAME>D</NAME>
			<INDEX>3</INDEX>
			<XPOS>8064.045</XPOS>
			<YPOS>5105.408</YPOS>
			<TYPE>REGULAR</TYPE>
			<HEURISTICVALUE>4.0</HEURISTICVALUE>
		</NODE>

		<!-- Node Definitions -->

		<NODE>
			<NAME>F</NAME>
			<INDEX>4</INDEX>
			<XPOS>8175.795</XPOS>
			<YPOS>5108.3496</YPOS>
			<TYPE>REGULAR</TYPE>
			<HEURISTICVALUE>3.0</HEURISTICVALUE>
		</NODE>

		<!-- Node Definitions -->

		<NODE>
			<NAME>G</NAME>
			<INDEX>5</INDEX>
			<XPOS>8174.324</XPOS>
			<YPOS>5248.038</YPOS>
			<TYPE>REGULAR</TYPE>
			<HEURISTICVALUE>2.0</HEURISTICVALUE>
		</NODE>

		<!-- Node Definitions -->

		<NODE>
			<NAME>H</NAME>
			<INDEX>6</INDEX>
			<XPOS>8174.324</XPOS>
			<YPOS>5384.7847</YPOS>
			<TYPE>REGULAR</TYPE>
			<HEURISTICVALUE>1.0</HEURISTICVALUE>
		</NODE>

		<!-- Node Definitions -->

		<NODE>
			<NAME>I</NAME>
			<INDEX>7</INDEX>
			<XPOS>8175.795</XPOS>
			<YPOS>5517.121</YPOS>
			<TYPE>GOAL</TYPE>
			<HEURISTICVALUE>0.0</HEURISTICVALUE>
		</NODE>

		<!-- Node Definitions -->

		<NODE>
			<NAME>J</NAME>
			<INDEX>8</INDEX>
			<XPOS>8062.5728</XPOS>
			<YPOS>5518.5913</YPOS>
			<TYPE>REGULAR</TYPE>
			<HEURISTICVALUE>1.0</HEURISTICVALUE>
		</NODE>

		<!-- Node Definitions -->

		<NODE>
			<NAME>K</NAME>
			<INDEX>9</INDEX>
			<XPOS>7944.9414</XPOS>
			<YPOS>5520.062</YPOS>
			<TYPE>REGULAR</TYPE>
			<HEURISTICVALUE>2.0</HEURISTICVALUE>
		</NODE>

		<!-- Node Definitions -->

		<NODE>
			<NAME>L</NAME>
			<INDEX>10</INDEX>
			<XPOS>7946.4116</XPOS>
			<YPOS>5389.1953</YPOS>
			<TYPE>REGULAR</TYPE>
			<HEURISTICVALUE>3.0</HEURISTICVALUE>
		</NODE>

		<!-- Node Definitions -->

		<NODE>
			<NAME>M</NAME>
			<INDEX>11</INDEX>
			<XPOS>7827.308</XPOS>
			<YPOS>5387.7256</YPOS>
			<TYPE>REGULAR</TYPE>
			<HEURISTICVALUE>4.0</HEURISTICVALUE>
		</NODE>

		<!-- Node Definitions -->

		<NODE>
			<NAME>N</NAME>
			<INDEX>12</INDEX>
			<XPOS>7708.205</XPOS>
			<YPOS>5386.256</YPOS>
			<TYPE>REGULAR</TYPE>
			<HEURISTICVALUE>5.0</HEURISTICVALUE>
		</NODE>

		<!-- Node Definitions -->

		<NODE>
			<NAME>O</NAME>
			<INDEX>13</INDEX>
			<XPOS>7711.1475</XPOS>
			<YPOS>5248.038</YPOS>
			<TYPE>REGULAR</TYPE>
			<HEURISTICVALUE>6.0</HEURISTICVALUE>
		</NODE>

		<!-- Edge Definitions -->

		<EDGE>
			<STARTINDEX>0</STARTINDEX>
			<ENDINDEX>1</ENDINDEX>
			<COST>1.0</COST>
		</EDGE>
		<EDGE>
			<STARTINDEX>1</STARTINDEX>
			<ENDINDEX>2</ENDINDEX>
			<COST>1.0</COST>
		</EDGE>
		<EDGE>
			<STARTINDEX>2</STARTINDEX>
			<ENDINDEX>3</ENDINDEX>
			<COST>1.0</COST>
		</EDGE>
		<EDGE>
			<STARTINDEX>3</STARTINDEX>
			<ENDINDEX>4</ENDINDEX>
			<COST>1.0</COST>
		</EDGE>
		<EDGE>
			<STARTINDEX>4</STARTINDEX>
			<ENDINDEX>5</ENDINDEX>
			<COST>1.0</COST>
		</EDGE>
		<EDGE>
			<STARTINDEX>6</STARTINDEX>
			<ENDINDEX>7</ENDINDEX>
			<COST>1.0</COST>
		</EDGE>
		<EDGE>
			<STARTINDEX>5</STARTINDEX>
			<ENDINDEX>6</ENDINDEX>
			<COST>1.0</COST>
		</EDGE>
		<EDGE>
			<STARTINDEX>0</STARTINDEX>
			<ENDINDEX>13</ENDINDEX>
			<COST>1.0</COST>
		</EDGE>
		<EDGE>
			<STARTINDEX>13</STARTINDEX>
			<ENDINDEX>12</ENDINDEX>
			<COST>1.0</COST>
		</EDGE>
		<EDGE>
			<STARTINDEX>12</STARTINDEX>
			<ENDINDEX>11</ENDINDEX>
			<COST>1.0</COST>
		</EDGE>
		<EDGE>
			<STARTINDEX>11</STARTINDEX>
			<ENDINDEX>10</ENDINDEX>
			<COST>1.0</COST>
		</EDGE>
		<EDGE>
			<STARTINDEX>10</STARTINDEX>
			<ENDINDEX>9</ENDINDEX>
			<COST>1.0</COST>
		</EDGE>
		<EDGE>
			<STARTINDEX>9</STARTINDEX>
			<ENDINDEX>8</ENDINDEX>
			<COST>1.0</COST>
		</EDGE>
		<EDGE>
			<STARTINDEX>8</STARTINDEX>
			<ENDINDEX>7</ENDINDEX>
			<COST>1.0</COST>
		</EDGE>

		<!-- Heuristic Settings -->

		<HEURISTIC value="MANUAL"></HEURISTIC>
		<EDGECOSTS value="MANUAL"></EDGECOSTS>

	</GRAPH>
</SEARCH>
