<?xml version="1.0" ?>

<SEARCH>
	<GRAPH>
		<DESCRIPTION>
			<SHORT>null</SHORT>
			<DETAILED>null</DETAILED>
		</DESCRIPTION>

		<!-- Node Definitions -->

		<NODE>
			<NAME>A</NAME>
			<INDEX>0</INDEX>
			<XPOS>7709.002</XPOS>
			<YPOS>5065.5127</YPOS>
			<TYPE>REGULAR</TYPE>
			<HEURISTICVALUE>2.24</HEURISTICVALUE>
		</NODE>

		<!-- Node Definitions -->

		<NODE>
			<NAME>B</NAME>
			<INDEX>1</INDEX>
			<XPOS>7822.216</XPOS>
			<YPOS>5062.648</YPOS>
			<TYPE>REGULAR</TYPE>
			<HEURISTICVALUE>2.0</HEURISTICVALUE>
		</NODE>

		<!-- Node Definitions -->

		<NODE>
			<NAME>C</NAME>
			<INDEX>2</INDEX>
			<XPOS>7939.731</XPOS>
			<YPOS>5061.214</YPOS>
			<TYPE>REGULAR</TYPE>
			<HEURISTICVALUE>2.24</HEURISTICVALUE>
		</NODE>

		<!-- Node Definitions -->

		<NODE>
			<NAME>D</NAME>
			<INDEX>3</INDEX>
			<XPOS>8051.5156</XPOS>
			<YPOS>5062.648</YPOS>
			<TYPE>REGULAR</TYPE>
			<HEURISTICVALUE>2.83</HEURISTICVALUE>
		</NODE>

		<!-- Node Definitions -->

		<NODE>
			<NAME>F</NAME>
			<INDEX>4</INDEX>
			<XPOS>8160.4336</XPOS>
			<YPOS>5065.5127</YPOS>
			<TYPE>START</TYPE>
			<HEURISTICVALUE>3.61</HEURISTICVALUE>
		</NODE>

		<!-- Node Definitions -->

		<NODE>
			<NAME>G</NAME>
			<INDEX>5</INDEX>
			<XPOS>8158.999</XPOS>
			<YPOS>5201.6587</YPOS>
			<TYPE>REGULAR</TYPE>
			<HEURISTICVALUE>3.16</HEURISTICVALUE>
		</NODE>

		<!-- Node Definitions -->

		<NODE>
			<NAME>H</NAME>
			<INDEX>6</INDEX>
			<XPOS>8158.999</XPOS>
			<YPOS>5334.9385</YPOS>
			<TYPE>REGULAR</TYPE>
			<HEURISTICVALUE>3.0</HEURISTICVALUE>
		</NODE>

		<!-- Node Definitions -->

		<NODE>
			<NAME>I</NAME>
			<INDEX>7</INDEX>
			<XPOS>8160.4336</XPOS>
			<YPOS>5463.9175</YPOS>
			<TYPE>REGULAR</TYPE>
			<HEURISTICVALUE>3.16</HEURISTICVALUE>
		</NODE>

		<!-- Node Definitions -->

		<NODE>
			<NAME>J</NAME>
			<INDEX>8</INDEX>
			<XPOS>8050.083</XPOS>
			<YPOS>5465.352</YPOS>
			<TYPE>REGULAR</TYPE>
			<HEURISTICVALUE>2.24</HEURISTICVALUE>
		</NODE>

		<!-- Node Definitions -->

		<NODE>
			<NAME>K</NAME>
			<INDEX>9</INDEX>
			<XPOS>7935.432</XPOS>
			<YPOS>5466.7856</YPOS>
			<TYPE>REGULAR</TYPE>
			<HEURISTICVALUE>1.41</HEURISTICVALUE>
		</NODE>

		<!-- Node Definitions -->

		<NODE>
			<NAME>L</NAME>
			<INDEX>10</INDEX>
			<XPOS>7936.8667</XPOS>
			<YPOS>5339.238</YPOS>
			<TYPE>REGULAR</TYPE>
			<HEURISTICVALUE>1.0</HEURISTICVALUE>
		</NODE>

		<!-- Node Definitions -->

		<NODE>
			<NAME>M</NAME>
			<INDEX>11</INDEX>
			<XPOS>7820.785</XPOS>
			<YPOS>5337.8047</YPOS>
			<TYPE>GOAL</TYPE>
			<HEURISTICVALUE>0.0</HEURISTICVALUE>
		</NODE>

		<!-- Node Definitions -->

		<NODE>
			<NAME>N</NAME>
			<INDEX>12</INDEX>
			<XPOS>7704.7036</XPOS>
			<YPOS>5336.3716</YPOS>
			<TYPE>REGULAR</TYPE>
			<HEURISTICVALUE>1.0</HEURISTICVALUE>
		</NODE>

		<!-- Node Definitions -->

		<NODE>
			<NAME>O</NAME>
			<INDEX>13</INDEX>
			<XPOS>7707.567</XPOS>
			<YPOS>5201.6587</YPOS>
			<TYPE>REGULAR</TYPE>
			<HEURISTICVALUE>1.41</HEURISTICVALUE>
		</NODE>

		<!-- Edge Definitions -->

		<EDGE>
			<STARTINDEX>4</STARTINDEX>
			<ENDINDEX>5</ENDINDEX>
			<COST>1.0</COST>
		</EDGE>
		<EDGE>
			<STARTINDEX>6</STARTINDEX>
			<ENDINDEX>7</ENDINDEX>
			<COST>1.0</COST>
		</EDGE>
		<EDGE>
			<STARTINDEX>5</STARTINDEX>
			<ENDINDEX>6</ENDINDEX>
			<COST>1.0</COST>
		</EDGE>
		<EDGE>
			<STARTINDEX>7</STARTINDEX>
			<ENDINDEX>8</ENDINDEX>
			<COST>1.0</COST>
		</EDGE>
		<EDGE>
			<STARTINDEX>0</STARTINDEX>
			<ENDINDEX>13</ENDINDEX>
			<COST>1.0</COST>
		</EDGE>
		<EDGE>
			<STARTINDEX>13</STARTINDEX>
			<ENDINDEX>12</ENDINDEX>
			<COST>1.0</COST>
		</EDGE>
		<EDGE>
			<STARTINDEX>12</STARTINDEX>
			<ENDINDEX>11</ENDINDEX>
			<COST>1.0</COST>
		</EDGE>
		<EDGE>
			<STARTINDEX>4</STARTINDEX>
			<ENDINDEX>3</ENDINDEX>
			<COST>1.0</COST>
		</EDGE>
		<EDGE>
			<STARTINDEX>3</STARTINDEX>
			<ENDINDEX>2</ENDINDEX>
			<COST>1.0</COST>
		</EDGE>
		<EDGE>
			<STARTINDEX>2</STARTINDEX>
			<ENDINDEX>1</ENDINDEX>
			<COST>1.0</COST>
		</EDGE>
		<EDGE>
			<STARTINDEX>1</STARTINDEX>
			<ENDINDEX>0</ENDINDEX>
			<COST>1.0</COST>
		</EDGE>
		<EDGE>
			<STARTINDEX>10</STARTINDEX>
			<ENDINDEX>11</ENDINDEX>
			<COST>1.0</COST>
		</EDGE>
		<EDGE>
			<STARTINDEX>9</STARTINDEX>
			<ENDINDEX>10</ENDINDEX>
			<COST>1.0</COST>
		</EDGE>
		<EDGE>
			<STARTINDEX>8</STARTINDEX>
			<ENDINDEX>9</ENDINDEX>
			<COST>1.0</COST>
		</EDGE>

		<!-- Heuristic Settings -->

		<HEURISTIC value="MANUAL"></HEURISTIC>
		<EDGECOSTS value="MANUAL"></EDGECOSTS>

	</GRAPH>
</SEARCH>
