<?xml version="1.0" ?>

<SEARCH>
	<GRAPH>
		<DESCRIPTION>
			<SHORT>null</SHORT>
			<DETAILED>null</DETAILED>
		</DESCRIPTION>

		<!-- Node Definitions -->

		<NODE>
			<NAME>A</NAME>
			<INDEX>0</INDEX>
			<XPOS>7640.0</XPOS>
			<YPOS>5100.0</YPOS>
			<TYPE>START</TYPE>
			<HEURISTICVALUE>0.0</HEURISTICVALUE>
		</NODE>

		<!-- Node Definitions -->

		<NODE>
			<NAME>B</NAME>
			<INDEX>1</INDEX>
			<XPOS>7719.0</XPOS>
			<YPOS>5098.0</YPOS>
			<TYPE>REGULAR</TYPE>
			<HEURISTICVALUE>0.0</HEURISTICVALUE>
		</NODE>

		<!-- Node Definitions -->

		<NODE>
			<NAME>C</NAME>
			<INDEX>2</INDEX>
			<XPOS>7801.0</XPOS>
			<YPOS>5097.0</YPOS>
			<TYPE>REGULAR</TYPE>
			<HEURISTICVALUE>0.0</HEURISTICVALUE>
		</NODE>

		<!-- Node Definitions -->

		<NODE>
			<NAME>D</NAME>
			<INDEX>3</INDEX>
			<XPOS>7879.0</XPOS>
			<YPOS>5098.0</YPOS>
			<TYPE>REGULAR</TYPE>
			<HEURISTICVALUE>0.0</HEURISTICVALUE>
		</NODE>

		<!-- Node Definitions -->

		<NODE>
			<NAME>F</NAME>
			<INDEX>4</INDEX>
			<XPOS>7955.0</XPOS>
			<YPOS>5100.0</YPOS>
			<TYPE>REGULAR</TYPE>
			<HEURISTICVALUE>0.0</HEURISTICVALUE>
		</NODE>

		<!-- Node Definitions -->

		<NODE>
			<NAME>G</NAME>
			<INDEX>5</INDEX>
			<XPOS>7954.0</XPOS>
			<YPOS>5195.0</YPOS>
			<TYPE>REGULAR</TYPE>
			<HEURISTICVALUE>0.0</HEURISTICVALUE>
		</NODE>

		<!-- Node Definitions -->

		<NODE>
			<NAME>H</NAME>
			<INDEX>6</INDEX>
			<XPOS>7954.0</XPOS>
			<YPOS>5288.0</YPOS>
			<TYPE>REGULAR</TYPE>
			<HEURISTICVALUE>0.0</HEURISTICVALUE>
		</NODE>

		<!-- Node Definitions -->

		<NODE>
			<NAME>I</NAME>
			<INDEX>7</INDEX>
			<XPOS>7955.0</XPOS>
			<YPOS>5378.0</YPOS>
			<TYPE>REGULAR</TYPE>
			<HEURISTICVALUE>0.0</HEURISTICVALUE>
		</NODE>

		<!-- Node Definitions -->

		<NODE>
			<NAME>J</NAME>
			<INDEX>8</INDEX>
			<XPOS>7878.0</XPOS>
			<YPOS>5379.0</YPOS>
			<TYPE>GOAL</TYPE>
			<HEURISTICVALUE>0.0</HEURISTICVALUE>
		</NODE>

		<!-- Node Definitions -->

		<NODE>
			<NAME>K</NAME>
			<INDEX>9</INDEX>
			<XPOS>7798.0</XPOS>
			<YPOS>5380.0</YPOS>
			<TYPE>REGULAR</TYPE>
			<HEURISTICVALUE>0.0</HEURISTICVALUE>
		</NODE>

		<!-- Node Definitions -->

		<NODE>
			<NAME>L</NAME>
			<INDEX>10</INDEX>
			<XPOS>7799.0</XPOS>
			<YPOS>5291.0</YPOS>
			<TYPE>REGULAR</TYPE>
			<HEURISTICVALUE>0.0</HEURISTICVALUE>
		</NODE>

		<!-- Node Definitions -->

		<NODE>
			<NAME>M</NAME>
			<INDEX>11</INDEX>
			<XPOS>7718.0</XPOS>
			<YPOS>5290.0</YPOS>
			<TYPE>REGULAR</TYPE>
			<HEURISTICVALUE>0.0</HEURISTICVALUE>
		</NODE>

		<!-- Node Definitions -->

		<NODE>
			<NAME>N</NAME>
			<INDEX>12</INDEX>
			<XPOS>7637.0</XPOS>
			<YPOS>5289.0</YPOS>
			<TYPE>REGULAR</TYPE>
			<HEURISTICVALUE>0.0</HEURISTICVALUE>
		</NODE>

		<!-- Node Definitions -->

		<NODE>
			<NAME>O</NAME>
			<INDEX>13</INDEX>
			<XPOS>7639.0</XPOS>
			<YPOS>5195.0</YPOS>
			<TYPE>REGULAR</TYPE>
			<HEURISTICVALUE>0.0</HEURISTICVALUE>
		</NODE>

		<!-- Edge Definitions -->

		<EDGE>
			<STARTINDEX>0</STARTINDEX>
			<ENDINDEX>1</ENDINDEX>
			<COST>1.0</COST>
		</EDGE>
		<EDGE>
			<STARTINDEX>1</STARTINDEX>
			<ENDINDEX>2</ENDINDEX>
			<COST>1.0</COST>
		</EDGE>
		<EDGE>
			<STARTINDEX>2</STARTINDEX>
			<ENDINDEX>3</ENDINDEX>
			<COST>1.0</COST>
		</EDGE>
		<EDGE>
			<STARTINDEX>3</STARTINDEX>
			<ENDINDEX>4</ENDINDEX>
			<COST>1.0</COST>
		</EDGE>
		<EDGE>
			<STARTINDEX>4</STARTINDEX>
			<ENDINDEX>5</ENDINDEX>
			<COST>1.0</COST>
		</EDGE>
		<EDGE>
			<STARTINDEX>6</STARTINDEX>
			<ENDINDEX>7</ENDINDEX>
			<COST>1.0</COST>
		</EDGE>
		<EDGE>
			<STARTINDEX>5</STARTINDEX>
			<ENDINDEX>6</ENDINDEX>
			<COST>1.0</COST>
		</EDGE>
		<EDGE>
			<STARTINDEX>7</STARTINDEX>
			<ENDINDEX>8</ENDINDEX>
			<COST>1.0</COST>
		</EDGE>
		<EDGE>
			<STARTINDEX>0</STARTINDEX>
			<ENDINDEX>13</ENDINDEX>
			<COST>1.0</COST>
		</EDGE>
		<EDGE>
			<STARTINDEX>13</STARTINDEX>
			<ENDINDEX>12</ENDINDEX>
			<COST>1.0</COST>
		</EDGE>
		<EDGE>
			<STARTINDEX>12</STARTINDEX>
			<ENDINDEX>11</ENDINDEX>
			<COST>1.0</COST>
		</EDGE>
		<EDGE>
			<STARTINDEX>11</STARTINDEX>
			<ENDINDEX>10</ENDINDEX>
			<COST>1.0</COST>
		</EDGE>
		<EDGE>
			<STARTINDEX>10</STARTINDEX>
			<ENDINDEX>9</ENDINDEX>
			<COST>1.0</COST>
		</EDGE>
		<EDGE>
			<STARTINDEX>9</STARTINDEX>
			<ENDINDEX>8</ENDINDEX>
			<COST>1.0</COST>
		</EDGE>

		<!-- Heuristic Settings -->

		<HEURISTIC value="MANUAL"></HEURISTIC>
		<EDGECOSTS value="MANUAL"></EDGECOSTS>

	</GRAPH>
</SEARCH>
