<?xml version="1.0" ?>

<SEARCH>
	<GRAPH>
		<DESCRIPTION>
			<SHORT></SHORT>
			<DETAILED></DETAILED>
		</DESCRIPTION>

		<!-- Node Definitions -->

		<NODE>
			<NAME>Node 0</NAME>
			<INDEX>0</INDEX>
			<XPOS>7869.157</XPOS>
			<YPOS>5078.519</YPOS>
			<TYPE>START</TYPE>
			<HEURISTICVALUE>31.5</HEURISTICVALUE>
		</NODE>

		<!-- Node Definitions -->

		<NODE>
			<NAME>Node 1</NAME>
			<INDEX>1</INDEX>
			<XPOS>7711.601</XPOS>
			<YPOS>5162.5474</YPOS>
			<TYPE>REGULAR</TYPE>
			<HEURISTICVALUE>32.0</HEURISTICVALUE>
		</NODE>

		<!-- Node Definitions -->

		<NODE>
			<NAME>Node 2</NAME>
			<INDEX>2</INDEX>
			<XPOS>8043.214</XPOS>
			<YPOS>5159.5435</YPOS>
			<TYPE>REGULAR</TYPE>
			<HEURISTICVALUE>24.7</HEURISTICVALUE>
		</NODE>

		<!-- Node Definitions -->

		<NODE>
			<NAME>Node 3</NAME>
			<INDEX>3</INDEX>
			<XPOS>7639.5767</XPOS>
			<YPOS>5260.08</YPOS>
			<TYPE>REGULAR</TYPE>
			<HEURISTICVALUE>32.7</HEURISTICVALUE>
		</NODE>

		<!-- Node Definitions -->

		<NODE>
			<NAME>Node 4</NAME>
			<INDEX>4</INDEX>
			<XPOS>7767.123</XPOS>
			<YPOS>5261.579</YPOS>
			<TYPE>REGULAR</TYPE>
			<HEURISTICVALUE>21.3</HEURISTICVALUE>
		</NODE>

		<!-- Node Definitions -->

		<NODE>
			<NAME>Node 5</NAME>
			<INDEX>5</INDEX>
			<XPOS>7986.1953</XPOS>
			<YPOS>5263.0806</YPOS>
			<TYPE>REGULAR</TYPE>
			<HEURISTICVALUE>13.0</HEURISTICVALUE>
		</NODE>

		<!-- Node Definitions -->

		<NODE>
			<NAME>Node 6</NAME>
			<INDEX>6</INDEX>
			<XPOS>8119.7397</XPOS>
			<YPOS>5260.08</YPOS>
			<TYPE>REGULAR</TYPE>
			<HEURISTICVALUE>21.8</HEURISTICVALUE>
		</NODE>

		<!-- Node Definitions -->

		<NODE>
			<NAME>Node 7</NAME>
			<INDEX>7</INDEX>
			<XPOS>7551.7227</XPOS>
			<YPOS>5386.4355</YPOS>
			<TYPE>REGULAR</TYPE>
			<HEURISTICVALUE>39.0</HEURISTICVALUE>
		</NODE>

		<!-- Node Definitions -->

		<NODE>
			<NAME>Node 8</NAME>
			<INDEX>8</INDEX>
			<XPOS>7636.3745</XPOS>
			<YPOS>5387.481</YPOS>
			<TYPE>REGULAR</TYPE>
			<HEURISTICVALUE>30.5</HEURISTICVALUE>
		</NODE>

		<!-- Node Definitions -->

		<NODE>
			<NAME>Node 9</NAME>
			<INDEX>9</INDEX>
			<XPOS>7723.606</XPOS>
			<YPOS>5386.1206</YPOS>
			<TYPE>REGULAR</TYPE>
			<HEURISTICVALUE>21.8</HEURISTICVALUE>
		</NODE>

		<!-- Node Definitions -->

		<NODE>
			<NAME>Node 10</NAME>
			<INDEX>10</INDEX>
			<XPOS>7825.6406</XPOS>
			<YPOS>5384.621</YPOS>
			<TYPE>REGULAR</TYPE>
			<HEURISTICVALUE>11.6</HEURISTICVALUE>
		</NODE>

		<!-- Node Definitions -->

		<NODE>
			<NAME>Node 11</NAME>
			<INDEX>11</INDEX>
			<XPOS>7941.1777</XPOS>
			<YPOS>5384.621</YPOS>
			<TYPE>GOAL</TYPE>
			<HEURISTICVALUE>0.0</HEURISTICVALUE>
		</NODE>

		<!-- Node Definitions -->

		<NODE>
			<NAME>Node 12</NAME>
			<INDEX>12</INDEX>
			<XPOS>8035.714</XPOS>
			<YPOS>5383.1206</YPOS>
			<TYPE>REGULAR</TYPE>
			<HEURISTICVALUE>9.5</HEURISTICVALUE>
		</NODE>

		<!-- Node Definitions -->

		<NODE>
			<NAME>Node 13</NAME>
			<INDEX>13</INDEX>
			<XPOS>8130.245</XPOS>
			<YPOS>5381.619</YPOS>
			<TYPE>REGULAR</TYPE>
			<HEURISTICVALUE>18.9</HEURISTICVALUE>
		</NODE>

		<!-- Node Definitions -->

		<NODE>
			<NAME>Node 14</NAME>
			<INDEX>14</INDEX>
			<XPOS>8223.277</XPOS>
			<YPOS>5380.1196</YPOS>
			<TYPE>REGULAR</TYPE>
			<HEURISTICVALUE>28.2</HEURISTICVALUE>
		</NODE>

		<!-- Edge Definitions -->

		<EDGE>
			<STARTINDEX>0</STARTINDEX>
			<ENDINDEX>1</ENDINDEX>
			<COST>1.0</COST>
		</EDGE>
		<EDGE>
			<STARTINDEX>0</STARTINDEX>
			<ENDINDEX>2</ENDINDEX>
			<COST>1.0</COST>
		</EDGE>
		<EDGE>
			<STARTINDEX>1</STARTINDEX>
			<ENDINDEX>3</ENDINDEX>
			<COST>1.0</COST>
		</EDGE>
		<EDGE>
			<STARTINDEX>1</STARTINDEX>
			<ENDINDEX>4</ENDINDEX>
			<COST>1.0</COST>
		</EDGE>
		<EDGE>
			<STARTINDEX>2</STARTINDEX>
			<ENDINDEX>5</ENDINDEX>
			<COST>1.0</COST>
		</EDGE>
		<EDGE>
			<STARTINDEX>2</STARTINDEX>
			<ENDINDEX>6</ENDINDEX>
			<COST>1.0</COST>
		</EDGE>
		<EDGE>
			<STARTINDEX>3</STARTINDEX>
			<ENDINDEX>7</ENDINDEX>
			<COST>1.0</COST>
		</EDGE>
		<EDGE>
			<STARTINDEX>3</STARTINDEX>
			<ENDINDEX>8</ENDINDEX>
			<COST>1.0</COST>
		</EDGE>
		<EDGE>
			<STARTINDEX>4</STARTINDEX>
			<ENDINDEX>9</ENDINDEX>
			<COST>1.0</COST>
		</EDGE>
		<EDGE>
			<STARTINDEX>4</STARTINDEX>
			<ENDINDEX>10</ENDINDEX>
			<COST>1.0</COST>
		</EDGE>
		<EDGE>
			<STARTINDEX>5</STARTINDEX>
			<ENDINDEX>11</ENDINDEX>
			<COST>1.0</COST>
		</EDGE>
		<EDGE>
			<STARTINDEX>6</STARTINDEX>
			<ENDINDEX>13</ENDINDEX>
			<COST>1.0</COST>
		</EDGE>
		<EDGE>
			<STARTINDEX>5</STARTINDEX>
			<ENDINDEX>12</ENDINDEX>
			<COST>1.0</COST>
		</EDGE>
		<EDGE>
			<STARTINDEX>6</STARTINDEX>
			<ENDINDEX>14</ENDINDEX>
			<COST>1.0</COST>
		</EDGE>

		<!-- Heuristic Settings -->

		<HEURISTIC value="MANUAL"></HEURISTIC>
		<EDGECOSTS value="MANUAL"></EDGECOSTS>

	</GRAPH>
</SEARCH>
