<?xml version="1.0" ?>

<SEARCH>
	<GRAPH>
		<DESCRIPTION>
			<SHORT></SHORT>
			<DETAILED></DETAILED>
		</DESCRIPTION>

		<!-- Node Definitions -->

		<NODE>
			<NAME>Node 0</NAME>
			<INDEX>0</INDEX>
			<XPOS>7869.143</XPOS>
			<YPOS>5078.4053</YPOS>
			<TYPE>START</TYPE>
			<HEURISTICVALUE>3.0</HEURISTICVALUE>
		</NODE>

		<!-- Node Definitions -->

		<NODE>
			<NAME>Node 1</NAME>
			<INDEX>1</INDEX>
			<XPOS>7711.4717</XPOS>
			<YPOS>5162.4956</YPOS>
			<TYPE>REGULAR</TYPE>
			<HEURISTICVALUE>2.0</HEURISTICVALUE>
		</NODE>

		<!-- Node Definitions -->

		<NODE>
			<NAME>Node 2</NAME>
			<INDEX>2</INDEX>
			<XPOS>8043.328</XPOS>
			<YPOS>5159.4907</YPOS>
			<TYPE>REGULAR</TYPE>
			<HEURISTICVALUE>4.0</HEURISTICVALUE>
		</NODE>

		<!-- Node Definitions -->

		<NODE>
			<NAME>Node 3</NAME>
			<INDEX>3</INDEX>
			<XPOS>7639.3955</XPOS>
			<YPOS>5260.099</YPOS>
			<TYPE>REGULAR</TYPE>
			<HEURISTICVALUE>3.0</HEURISTICVALUE>
		</NODE>

		<!-- Node Definitions -->

		<NODE>
			<NAME>Node 4</NAME>
			<INDEX>4</INDEX>
			<XPOS>7767.0337</XPOS>
			<YPOS>5261.5996</YPOS>
			<TYPE>REGULAR</TYPE>
			<HEURISTICVALUE>1.0</HEURISTICVALUE>
		</NODE>

		<!-- Node Definitions -->

		<NODE>
			<NAME>Node 5</NAME>
			<INDEX>5</INDEX>
			<XPOS>7986.269</XPOS>
			<YPOS>5263.1025</YPOS>
			<TYPE>REGULAR</TYPE>
			<HEURISTICVALUE>5.0</HEURISTICVALUE>
		</NODE>

		<!-- Node Definitions -->

		<NODE>
			<NAME>Node 6</NAME>
			<INDEX>6</INDEX>
			<XPOS>8119.909</XPOS>
			<YPOS>5260.099</YPOS>
			<TYPE>REGULAR</TYPE>
			<HEURISTICVALUE>5.0</HEURISTICVALUE>
		</NODE>

		<!-- Node Definitions -->

		<NODE>
			<NAME>Node 7</NAME>
			<INDEX>7</INDEX>
			<XPOS>7551.4785</XPOS>
			<YPOS>5386.5474</YPOS>
			<TYPE>REGULAR</TYPE>
			<HEURISTICVALUE>4.0</HEURISTICVALUE>
		</NODE>

		<!-- Node Definitions -->

		<NODE>
			<NAME>Node 8</NAME>
			<INDEX>8</INDEX>
			<XPOS>7636.192</XPOS>
			<YPOS>5387.594</YPOS>
			<TYPE>REGULAR</TYPE>
			<HEURISTICVALUE>4.0</HEURISTICVALUE>
		</NODE>

		<!-- Node Definitions -->

		<NODE>
			<NAME>Node 9</NAME>
			<INDEX>9</INDEX>
			<XPOS>7723.4854</XPOS>
			<YPOS>5386.2334</YPOS>
			<TYPE>REGULAR</TYPE>
			<HEURISTICVALUE>2.0</HEURISTICVALUE>
		</NODE>

		<!-- Node Definitions -->

		<NODE>
			<NAME>Node 10</NAME>
			<INDEX>10</INDEX>
			<XPOS>7825.596</XPOS>
			<YPOS>5384.7324</YPOS>
			<TYPE>GOAL</TYPE>
			<HEURISTICVALUE>0.0</HEURISTICVALUE>
		</NODE>

		<!-- Node Definitions -->

		<NODE>
			<NAME>Node 11</NAME>
			<INDEX>11</INDEX>
			<XPOS>7941.218</XPOS>
			<YPOS>5384.7324</YPOS>
			<TYPE>REGULAR</TYPE>
			<HEURISTICVALUE>6.0</HEURISTICVALUE>
		</NODE>

		<!-- Node Definitions -->

		<NODE>
			<NAME>Node 12</NAME>
			<INDEX>12</INDEX>
			<XPOS>8035.821</XPOS>
			<YPOS>5383.2305</YPOS>
			<TYPE>REGULAR</TYPE>
			<HEURISTICVALUE>6.0</HEURISTICVALUE>
		</NODE>

		<!-- Node Definitions -->

		<NODE>
			<NAME>Node 13</NAME>
			<INDEX>13</INDEX>
			<XPOS>8130.421</XPOS>
			<YPOS>5381.729</YPOS>
			<TYPE>REGULAR</TYPE>
			<HEURISTICVALUE>6.0</HEURISTICVALUE>
		</NODE>

		<!-- Node Definitions -->

		<NODE>
			<NAME>Node 14</NAME>
			<INDEX>14</INDEX>
			<XPOS>8223.521</XPOS>
			<YPOS>5380.228</YPOS>
			<TYPE>REGULAR</TYPE>
			<HEURISTICVALUE>6.0</HEURISTICVALUE>
		</NODE>

		<!-- Edge Definitions -->

		<EDGE>
			<STARTINDEX>0</STARTINDEX>
			<ENDINDEX>1</ENDINDEX>
			<COST>1.0</COST>
		</EDGE>
		<EDGE>
			<STARTINDEX>0</STARTINDEX>
			<ENDINDEX>2</ENDINDEX>
			<COST>1.0</COST>
		</EDGE>
		<EDGE>
			<STARTINDEX>1</STARTINDEX>
			<ENDINDEX>3</ENDINDEX>
			<COST>1.0</COST>
		</EDGE>
		<EDGE>
			<STARTINDEX>1</STARTINDEX>
			<ENDINDEX>4</ENDINDEX>
			<COST>1.0</COST>
		</EDGE>
		<EDGE>
			<STARTINDEX>2</STARTINDEX>
			<ENDINDEX>5</ENDINDEX>
			<COST>1.0</COST>
		</EDGE>
		<EDGE>
			<STARTINDEX>2</STARTINDEX>
			<ENDINDEX>6</ENDINDEX>
			<COST>1.0</COST>
		</EDGE>
		<EDGE>
			<STARTINDEX>3</STARTINDEX>
			<ENDINDEX>7</ENDINDEX>
			<COST>1.0</COST>
		</EDGE>
		<EDGE>
			<STARTINDEX>3</STARTINDEX>
			<ENDINDEX>8</ENDINDEX>
			<COST>1.0</COST>
		</EDGE>
		<EDGE>
			<STARTINDEX>4</STARTINDEX>
			<ENDINDEX>9</ENDINDEX>
			<COST>1.0</COST>
		</EDGE>
		<EDGE>
			<STARTINDEX>4</STARTINDEX>
			<ENDINDEX>10</ENDINDEX>
			<COST>1.0</COST>
		</EDGE>
		<EDGE>
			<STARTINDEX>5</STARTINDEX>
			<ENDINDEX>11</ENDINDEX>
			<COST>1.0</COST>
		</EDGE>
		<EDGE>
			<STARTINDEX>6</STARTINDEX>
			<ENDINDEX>13</ENDINDEX>
			<COST>1.0</COST>
		</EDGE>
		<EDGE>
			<STARTINDEX>5</STARTINDEX>
			<ENDINDEX>12</ENDINDEX>
			<COST>1.0</COST>
		</EDGE>
		<EDGE>
			<STARTINDEX>6</STARTINDEX>
			<ENDINDEX>14</ENDINDEX>
			<COST>1.0</COST>
		</EDGE>

		<!-- Heuristic Settings -->

		<HEURISTIC value="MANUAL"></HEURISTIC>
		<EDGECOSTS value="MANUAL"></EDGECOSTS>

	</GRAPH>
</SEARCH>
