<?xml version="1.0" ?>

<SEARCH>
	<GRAPH>
		<DESCRIPTION>
			<SHORT></SHORT>
			<DETAILED></DETAILED>
		</DESCRIPTION>

		<!-- Node Definitions -->

		<NODE>
			<NAME>Node 0</NAME>
			<INDEX>0</INDEX>
			<XPOS>7878.18</XPOS>
			<YPOS>5055.505</YPOS>
			<TYPE>START</TYPE>
			<HEURISTICVALUE>3.0</HEURISTICVALUE>
		</NODE>

		<!-- Node Definitions -->

		<NODE>
			<NAME>Node 1</NAME>
			<INDEX>1</INDEX>
			<XPOS>7716.5303</XPOS>
			<YPOS>5141.7173</YPOS>
			<TYPE>REGULAR</TYPE>
			<HEURISTICVALUE>2.0</HEURISTICVALUE>
		</NODE>

		<!-- Node Definitions -->

		<NODE>
			<NAME>Node 2</NAME>
			<INDEX>2</INDEX>
			<XPOS>8056.76</XPOS>
			<YPOS>5138.6367</YPOS>
			<TYPE>REGULAR</TYPE>
			<HEURISTICVALUE>4.0</HEURISTICVALUE>
		</NODE>

		<!-- Node Definitions -->

		<NODE>
			<NAME>Node 3</NAME>
			<INDEX>3</INDEX>
			<XPOS>7642.6357</XPOS>
			<YPOS>5241.783</YPOS>
			<TYPE>REGULAR</TYPE>
			<HEURISTICVALUE>3.0</HEURISTICVALUE>
		</NODE>

		<!-- Node Definitions -->

		<NODE>
			<NAME>Node 4</NAME>
			<INDEX>4</INDEX>
			<XPOS>7773.494</XPOS>
			<YPOS>5243.322</YPOS>
			<TYPE>REGULAR</TYPE>
			<HEURISTICVALUE>1.0</HEURISTICVALUE>
		</NODE>

		<!-- Node Definitions -->

		<NODE>
			<NAME>Node 5</NAME>
			<INDEX>5</INDEX>
			<XPOS>7998.261</XPOS>
			<YPOS>5244.8623</YPOS>
			<TYPE>REGULAR</TYPE>
			<HEURISTICVALUE>5.0</HEURISTICVALUE>
		</NODE>

		<!-- Node Definitions -->

		<NODE>
			<NAME>Node 6</NAME>
			<INDEX>6</INDEX>
			<XPOS>8135.2734</XPOS>
			<YPOS>5241.783</YPOS>
			<TYPE>REGULAR</TYPE>
			<HEURISTICVALUE>5.0</HEURISTICVALUE>
		</NODE>

		<!-- Node Definitions -->

		<NODE>
			<NAME>Node 7</NAME>
			<INDEX>7</INDEX>
			<XPOS>7552.5</XPOS>
			<YPOS>5371.422</YPOS>
			<TYPE>REGULAR</TYPE>
			<HEURISTICVALUE>4.0</HEURISTICVALUE>
		</NODE>

		<!-- Node Definitions -->

		<NODE>
			<NAME>Node 8</NAME>
			<INDEX>8</INDEX>
			<XPOS>7639.351</XPOS>
			<YPOS>5372.4956</YPOS>
			<TYPE>REGULAR</TYPE>
			<HEURISTICVALUE>4.0</HEURISTICVALUE>
		</NODE>

		<!-- Node Definitions -->

		<NODE>
			<NAME>Node 9</NAME>
			<INDEX>9</INDEX>
			<XPOS>7728.8467</XPOS>
			<YPOS>5371.1</YPOS>
			<TYPE>REGULAR</TYPE>
			<HEURISTICVALUE>2.0</HEURISTICVALUE>
		</NODE>

		<!-- Node Definitions -->

		<NODE>
			<NAME>Node 10</NAME>
			<INDEX>10</INDEX>
			<XPOS>7833.534</XPOS>
			<YPOS>5369.561</YPOS>
			<TYPE>GOAL</TYPE>
			<HEURISTICVALUE>0.0</HEURISTICVALUE>
		</NODE>

		<!-- Node Definitions -->

		<NODE>
			<NAME>Node 11</NAME>
			<INDEX>11</INDEX>
			<XPOS>7952.073</XPOS>
			<YPOS>5369.561</YPOS>
			<TYPE>REGULAR</TYPE>
			<HEURISTICVALUE>6.0</HEURISTICVALUE>
		</NODE>

		<!-- Node Definitions -->

		<NODE>
			<NAME>Node 12</NAME>
			<INDEX>12</INDEX>
			<XPOS>8049.063</XPOS>
			<YPOS>5368.0215</YPOS>
			<TYPE>REGULAR</TYPE>
			<HEURISTICVALUE>6.0</HEURISTICVALUE>
		</NODE>

		<!-- Node Definitions -->

		<NODE>
			<NAME>Node 13</NAME>
			<INDEX>13</INDEX>
			<XPOS>8146.05</XPOS>
			<YPOS>5366.482</YPOS>
			<TYPE>REGULAR</TYPE>
			<HEURISTICVALUE>6.0</HEURISTICVALUE>
		</NODE>

		<!-- Node Definitions -->

		<NODE>
			<NAME>Node 14</NAME>
			<INDEX>14</INDEX>
			<XPOS>8241.5</XPOS>
			<YPOS>5364.943</YPOS>
			<TYPE>REGULAR</TYPE>
			<HEURISTICVALUE>6.0</HEURISTICVALUE>
		</NODE>

		<!-- Edge Definitions -->

		<EDGE>
			<STARTINDEX>0</STARTINDEX>
			<ENDINDEX>1</ENDINDEX>
			<COST>1.0</COST>
		</EDGE>
		<EDGE>
			<STARTINDEX>0</STARTINDEX>
			<ENDINDEX>2</ENDINDEX>
			<COST>1.0</COST>
		</EDGE>
		<EDGE>
			<STARTINDEX>1</STARTINDEX>
			<ENDINDEX>3</ENDINDEX>
			<COST>1.0</COST>
		</EDGE>
		<EDGE>
			<STARTINDEX>1</STARTINDEX>
			<ENDINDEX>4</ENDINDEX>
			<COST>1.0</COST>
		</EDGE>
		<EDGE>
			<STARTINDEX>2</STARTINDEX>
			<ENDINDEX>5</ENDINDEX>
			<COST>1.0</COST>
		</EDGE>
		<EDGE>
			<STARTINDEX>2</STARTINDEX>
			<ENDINDEX>6</ENDINDEX>
			<COST>1.0</COST>
		</EDGE>
		<EDGE>
			<STARTINDEX>3</STARTINDEX>
			<ENDINDEX>7</ENDINDEX>
			<COST>1.0</COST>
		</EDGE>
		<EDGE>
			<STARTINDEX>3</STARTINDEX>
			<ENDINDEX>8</ENDINDEX>
			<COST>1.0</COST>
		</EDGE>
		<EDGE>
			<STARTINDEX>4</STARTINDEX>
			<ENDINDEX>9</ENDINDEX>
			<COST>1.0</COST>
		</EDGE>
		<EDGE>
			<STARTINDEX>4</STARTINDEX>
			<ENDINDEX>10</ENDINDEX>
			<COST>1.0</COST>
		</EDGE>
		<EDGE>
			<STARTINDEX>5</STARTINDEX>
			<ENDINDEX>11</ENDINDEX>
			<COST>1.0</COST>
		</EDGE>
		<EDGE>
			<STARTINDEX>6</STARTINDEX>
			<ENDINDEX>13</ENDINDEX>
			<COST>1.0</COST>
		</EDGE>
		<EDGE>
			<STARTINDEX>5</STARTINDEX>
			<ENDINDEX>12</ENDINDEX>
			<COST>1.0</COST>
		</EDGE>
		<EDGE>
			<STARTINDEX>6</STARTINDEX>
			<ENDINDEX>14</ENDINDEX>
			<COST>1.0</COST>
		</EDGE>

		<!-- Heuristic Settings -->

		<HEURISTIC value="MANUAL"></HEURISTIC>
		<EDGECOSTS value="MANUAL"></EDGECOSTS>

	</GRAPH>
</SEARCH>
