<CSPIF VERSION="0.01">
<CSP>
<NAME>Untitled</NAME>
<DESCRIPTION>
	<SHORT></SHORT>
	<DETAILED></DETAILED>
</DESCRIPTION>
<VARIABLE TYPE="Integer">
	<NAME>A</NAME>
	<VALUE>1</VALUE>
	<VALUE>2</VALUE>
	<VALUE>3</VALUE>
	<VALUE>4</VALUE>
	<PROPERTY>position = (7490.7183, 5247.7373)</PROPERTY>
</VARIABLE>
<VARIABLE TYPE="Integer">
	<NAME>B</NAME>
	<VALUE>1</VALUE>
	<VALUE>2</VALUE>
	<VALUE>3</VALUE>
	<VALUE>4</VALUE>
	<PROPERTY>position = (7066.8877, 5347.858)</PROPERTY>
</VARIABLE>
<VARIABLE TYPE="Integer">
	<NAME>C</NAME>
	<VALUE>1</VALUE>
	<VALUE>2</VALUE>
	<VALUE>3</VALUE>
	<VALUE>4</VALUE>
	<PROPERTY>position = (7283.0195, 5692.263)</PROPERTY>
</VARIABLE>
<VARIABLE TYPE="Integer">
	<NAME>D</NAME>
	<VALUE>1</VALUE>
	<VALUE>2</VALUE>
	<VALUE>3</VALUE>
	<VALUE>4</VALUE>
	<PROPERTY>position = (7493.071, 5413.8535)</PROPERTY>
</VARIABLE>
<VARIABLE TYPE="Integer">
	<NAME>E</NAME>
	<VALUE>1</VALUE>
	<VALUE>2</VALUE>
	<VALUE>3</VALUE>
	<VALUE>4</VALUE>
	<PROPERTY>position = (7704.657, 5705.8535)</PROPERTY>
</VARIABLE>
<VARIABLE TYPE="Integer">
	<NAME>F</NAME>
	<VALUE>1</VALUE>
	<VALUE>2</VALUE>
	<VALUE>3</VALUE>
	<VALUE>4</VALUE>
	<PROPERTY>position = (7846.1123, 5378.4126)</PROPERTY>
</VARIABLE>
<CONSTRAINT TYPE="LessThan">
	<GIVEN>A</GIVEN>
	<GIVEN>B</GIVEN>
	<ARGS></ARGS>
	<PROPERTY>position = (7298.303, 5294.798)</PROPERTY>
</CONSTRAINT>
<CONSTRAINT TYPE="Custom">
	<CUSTOMNAME>|A-C|=1</CUSTOMNAME>
	<GIVEN>A</GIVEN>
	<GIVEN>C</GIVEN>
	<TABLE>
		F T F F T F T F F T F T F F T F 
	</TABLE>
	<PROPERTY>position = (7394.8687, 5432.0)</PROPERTY>
</CONSTRAINT>
<CONSTRAINT TYPE="Custom">
	<CUSTOMNAME>B-C is even</CUSTOMNAME>
	<GIVEN>B</GIVEN>
	<GIVEN>C</GIVEN>
	<TABLE>
		T F T F F T F T T F T F F T F T 
	</TABLE>
	<PROPERTY>position = (7157.453, 5509.06)</PROPERTY>
</CONSTRAINT>
<CONSTRAINT TYPE="Equals">
	<GIVEN>B</GIVEN>
	<GIVEN>D</GIVEN>
	<ARGS>complement</ARGS>
	<PROPERTY>position = (7258.7656, 5377.5376)</PROPERTY>
</CONSTRAINT>
<CONSTRAINT TYPE="GreaterThan">
	<GIVEN>D</GIVEN>
	<GIVEN>A</GIVEN>
	<ARGS></ARGS>
	<PROPERTY>position = (7488.395, 5314.2954)</PROPERTY>
</CONSTRAINT>
<CONSTRAINT TYPE="Equals">
	<GIVEN>D</GIVEN>
	<GIVEN>C</GIVEN>
	<ARGS>complement</ARGS>
	<PROPERTY>position = (7438.545, 5484.5586)</PROPERTY>
</CONSTRAINT>
<CONSTRAINT TYPE="Equals">
	<GIVEN>E</GIVEN>
	<GIVEN>C</GIVEN>
	<ARGS>complement</ARGS>
	<PROPERTY>position = (7489.3384, 5699.0586)</PROPERTY>
</CONSTRAINT>
<CONSTRAINT TYPE="Custom">
	<CUSTOMNAME>E < D-1</CUSTOMNAME>
	<GIVEN>E</GIVEN>
	<GIVEN>D</GIVEN>
	<TABLE>
		F F T T F F F T F F F F F F F F 
	</TABLE>
	<PROPERTY>position = (7614.3643, 5576.8535)</PROPERTY>
</CONSTRAINT>
<CONSTRAINT TYPE="Custom">
	<CUSTOMNAME>E != B-2</CUSTOMNAME>
	<GIVEN>E</GIVEN>
	<GIVEN>B</GIVEN>
	<TABLE>
		T T F T T T T F T T T T T T T T 
	</TABLE>
	<PROPERTY>position = (7255.7725, 5465.8555)</PROPERTY>
</CONSTRAINT>
<CONSTRAINT TYPE="Equals">
	<GIVEN>F</GIVEN>
	<GIVEN>A</GIVEN>
	<ARGS>complement</ARGS>
	<PROPERTY>position = (7653.415, 5308.075)</PROPERTY>
</CONSTRAINT>
<CONSTRAINT TYPE="Equals">
	<GIVEN>B</GIVEN>
	<GIVEN>F</GIVEN>
	<ARGS>complement</ARGS>
	<PROPERTY>position = (7480.0, 5158.1353)</PROPERTY>
</CONSTRAINT>
<CONSTRAINT TYPE="Equals">
	<GIVEN>C</GIVEN>
	<GIVEN>F</GIVEN>
	<ARGS>complement</ARGS>
	<PROPERTY>position = (7521.566, 5542.338)</PROPERTY>
</CONSTRAINT>
<CONSTRAINT TYPE="Equals">
	<GIVEN>D</GIVEN>
	<GIVEN>F</GIVEN>
	<ARGS>complement</ARGS>
	<PROPERTY>position = (7676.592, 5396.133)</PROPERTY>
</CONSTRAINT>
<CONSTRAINT TYPE="Custom">
	<CUSTOMNAME>E-F is odd</CUSTOMNAME>
	<GIVEN>E</GIVEN>
	<GIVEN>F</GIVEN>
	<TABLE>
		F T F T T F T F F T F T T F T F 
	</TABLE>
	<PROPERTY>position = (7750.885, 5601.133)</PROPERTY>
</CONSTRAINT>
</CSP>
</CSPIF>

