<?xml version="1.0" ?>

<SEARCH>
	<GRAPH>
		<DESCRIPTION>
			<SHORT></SHORT>
			<DETAILED></DETAILED>
		</DESCRIPTION>

		<!-- Node Definitions -->

		<NODE>
			<NAME>Node 0</NAME>
			<INDEX>0</INDEX>
			<XPOS>7870.695</XPOS>
			<YPOS>5048.106</YPOS>
			<TYPE>START</TYPE>
			<HEURISTICVALUE>0.0</HEURISTICVALUE>
		</NODE>

		<!-- Node Definitions -->

		<NODE>
			<NAME>Node 1</NAME>
			<INDEX>1</INDEX>
			<XPOS>7739.237</XPOS>
			<YPOS>5118.217</YPOS>
			<TYPE>REGULAR</TYPE>
			<HEURISTICVALUE>0.0</HEURISTICVALUE>
		</NODE>

		<!-- Node Definitions -->

		<NODE>
			<NAME>Node 2</NAME>
			<INDEX>2</INDEX>
			<XPOS>8015.9224</XPOS>
			<YPOS>5115.7114</YPOS>
			<TYPE>REGULAR</TYPE>
			<HEURISTICVALUE>0.0</HEURISTICVALUE>
		</NODE>

		<!-- Node Definitions -->

		<NODE>
			<NAME>Node 3</NAME>
			<INDEX>3</INDEX>
			<XPOS>7679.142</XPOS>
			<YPOS>5199.594</YPOS>
			<TYPE>REGULAR</TYPE>
			<HEURISTICVALUE>0.0</HEURISTICVALUE>
		</NODE>

		<!-- Node Definitions -->

		<NODE>
			<NAME>Node 4</NAME>
			<INDEX>4</INDEX>
			<XPOS>7785.561</XPOS>
			<YPOS>5200.8457</YPOS>
			<TYPE>REGULAR</TYPE>
			<HEURISTICVALUE>0.0</HEURISTICVALUE>
		</NODE>

		<!-- Node Definitions -->

		<NODE>
			<NAME>Node 5</NAME>
			<INDEX>5</INDEX>
			<XPOS>7968.3486</XPOS>
			<YPOS>5202.098</YPOS>
			<TYPE>REGULAR</TYPE>
			<HEURISTICVALUE>0.0</HEURISTICVALUE>
		</NODE>

		<!-- Node Definitions -->

		<NODE>
			<NAME>Node 6</NAME>
			<INDEX>6</INDEX>
			<XPOS>8079.773</XPOS>
			<YPOS>5199.594</YPOS>
			<TYPE>REGULAR</TYPE>
			<HEURISTICVALUE>0.0</HEURISTICVALUE>
		</NODE>

		<!-- Node Definitions -->

		<NODE>
			<NAME>Node 7</NAME>
			<INDEX>7</INDEX>
			<XPOS>7605.8403</XPOS>
			<YPOS>5305.0205</YPOS>
			<TYPE>GOAL</TYPE>
			<HEURISTICVALUE>0.0</HEURISTICVALUE>
		</NODE>

		<!-- Node Definitions -->

		<NODE>
			<NAME>Node 8</NAME>
			<INDEX>8</INDEX>
			<XPOS>7676.471</XPOS>
			<YPOS>5305.894</YPOS>
			<TYPE>REGULAR</TYPE>
			<HEURISTICVALUE>0.0</HEURISTICVALUE>
		</NODE>

		<!-- Node Definitions -->

		<NODE>
			<NAME>Node 9</NAME>
			<INDEX>9</INDEX>
			<XPOS>7749.2524</XPOS>
			<YPOS>5304.759</YPOS>
			<TYPE>REGULAR</TYPE>
			<HEURISTICVALUE>0.0</HEURISTICVALUE>
		</NODE>

		<!-- Node Definitions -->

		<NODE>
			<NAME>Node 10</NAME>
			<INDEX>10</INDEX>
			<XPOS>7834.3877</XPOS>
			<YPOS>5303.5073</YPOS>
			<TYPE>REGULAR</TYPE>
			<HEURISTICVALUE>0.0</HEURISTICVALUE>
		</NODE>

		<!-- Node Definitions -->

		<NODE>
			<NAME>Node 11</NAME>
			<INDEX>11</INDEX>
			<XPOS>7930.788</XPOS>
			<YPOS>5303.5073</YPOS>
			<TYPE>REGULAR</TYPE>
			<HEURISTICVALUE>0.0</HEURISTICVALUE>
		</NODE>

		<!-- Node Definitions -->

		<NODE>
			<NAME>Node 12</NAME>
			<INDEX>12</INDEX>
			<XPOS>8009.664</XPOS>
			<YPOS>5302.2554</YPOS>
			<TYPE>REGULAR</TYPE>
			<HEURISTICVALUE>0.0</HEURISTICVALUE>
		</NODE>

		<!-- Node Definitions -->

		<NODE>
			<NAME>Node 13</NAME>
			<INDEX>13</INDEX>
			<XPOS>8088.536</XPOS>
			<YPOS>5301.0034</YPOS>
			<TYPE>REGULAR</TYPE>
			<HEURISTICVALUE>0.0</HEURISTICVALUE>
		</NODE>

		<!-- Node Definitions -->

		<NODE>
			<NAME>Node 14</NAME>
			<INDEX>14</INDEX>
			<XPOS>8166.16</XPOS>
			<YPOS>5299.752</YPOS>
			<TYPE>REGULAR</TYPE>
			<HEURISTICVALUE>0.0</HEURISTICVALUE>
		</NODE>

		<!-- Edge Definitions -->

		<EDGE>
			<STARTINDEX>0</STARTINDEX>
			<ENDINDEX>1</ENDINDEX>
			<COST>1.0</COST>
		</EDGE>
		<EDGE>
			<STARTINDEX>0</STARTINDEX>
			<ENDINDEX>2</ENDINDEX>
			<COST>1.0</COST>
		</EDGE>
		<EDGE>
			<STARTINDEX>1</STARTINDEX>
			<ENDINDEX>3</ENDINDEX>
			<COST>1.0</COST>
		</EDGE>
		<EDGE>
			<STARTINDEX>1</STARTINDEX>
			<ENDINDEX>4</ENDINDEX>
			<COST>1.0</COST>
		</EDGE>
		<EDGE>
			<STARTINDEX>2</STARTINDEX>
			<ENDINDEX>5</ENDINDEX>
			<COST>1.0</COST>
		</EDGE>
		<EDGE>
			<STARTINDEX>2</STARTINDEX>
			<ENDINDEX>6</ENDINDEX>
			<COST>1.0</COST>
		</EDGE>
		<EDGE>
			<STARTINDEX>3</STARTINDEX>
			<ENDINDEX>7</ENDINDEX>
			<COST>1.0</COST>
		</EDGE>
		<EDGE>
			<STARTINDEX>3</STARTINDEX>
			<ENDINDEX>8</ENDINDEX>
			<COST>1.0</COST>
		</EDGE>
		<EDGE>
			<STARTINDEX>4</STARTINDEX>
			<ENDINDEX>9</ENDINDEX>
			<COST>1.0</COST>
		</EDGE>
		<EDGE>
			<STARTINDEX>4</STARTINDEX>
			<ENDINDEX>10</ENDINDEX>
			<COST>1.0</COST>
		</EDGE>
		<EDGE>
			<STARTINDEX>5</STARTINDEX>
			<ENDINDEX>11</ENDINDEX>
			<COST>1.0</COST>
		</EDGE>
		<EDGE>
			<STARTINDEX>6</STARTINDEX>
			<ENDINDEX>13</ENDINDEX>
			<COST>1.0</COST>
		</EDGE>
		<EDGE>
			<STARTINDEX>5</STARTINDEX>
			<ENDINDEX>12</ENDINDEX>
			<COST>1.0</COST>
		</EDGE>
		<EDGE>
			<STARTINDEX>6</STARTINDEX>
			<ENDINDEX>14</ENDINDEX>
			<COST>1.0</COST>
		</EDGE>

		<!-- Heuristic Settings -->

		<HEURISTIC value="MANUAL"></HEURISTIC>
		<EDGECOSTS value="MANUAL"></EDGECOSTS>

	</GRAPH>
</SEARCH>
