<CSPIF VERSION="0.01">
<CSP>
<NAME>Untitled</NAME>
<DESCRIPTION>
	<SHORT></SHORT>
	<DETAILED></DETAILED>
</DESCRIPTION>
<VARIABLE TYPE="Integer">
	<NAME>B</NAME>
	<VALUE>1</VALUE>
	<VALUE>2</VALUE>
	<VALUE>3</VALUE>
	<VALUE>4</VALUE>
	<PROPERTY>position = (6997.8477, 5145.3735)</PROPERTY>
</VARIABLE>
<VARIABLE TYPE="Integer">
	<NAME>A</NAME>
	<VALUE>1</VALUE>
	<VALUE>2</VALUE>
	<VALUE>3</VALUE>
	<VALUE>4</VALUE>
	<PROPERTY>position = (7331.8135, 5037.5317)</PROPERTY>
</VARIABLE>
<VARIABLE TYPE="Integer">
	<NAME>D</NAME>
	<VALUE>1</VALUE>
	<VALUE>2</VALUE>
	<VALUE>3</VALUE>
	<VALUE>4</VALUE>
	<PROPERTY>position = (7331.245, 5186.275)</PROPERTY>
</VARIABLE>
<VARIABLE TYPE="Integer">
	<NAME>C</NAME>
	<VALUE>1</VALUE>
	<VALUE>2</VALUE>
	<VALUE>3</VALUE>
	<VALUE>4</VALUE>
	<PROPERTY>position = (7136.406, 5454.9277)</PROPERTY>
</VARIABLE>
<VARIABLE TYPE="Integer">
	<NAME>E</NAME>
	<VALUE>1</VALUE>
	<VALUE>2</VALUE>
	<VALUE>3</VALUE>
	<VALUE>4</VALUE>
	<PROPERTY>position = (7586.907, 5452.6533)</PROPERTY>
</VARIABLE>
<VARIABLE TYPE="Integer">
	<NAME>F</NAME>
	<VALUE>1</VALUE>
	<VALUE>2</VALUE>
	<VALUE>3</VALUE>
	<VALUE>4</VALUE>
	<PROPERTY>position = (7660.3525, 5150.6304)</PROPERTY>
</VARIABLE>
<CONSTRAINT TYPE="LessThan">
	<GIVEN>A</GIVEN>
	<GIVEN>B</GIVEN>
	<ARGS></ARGS>
	<PROPERTY>position = (7183.536, 5090.3833)</PROPERTY>
</CONSTRAINT>
<CONSTRAINT TYPE="Equals">
	<GIVEN>B</GIVEN>
	<GIVEN>D</GIVEN>
	<ARGS>complement</ARGS>
	<PROPERTY>position = (7152.7446, 5164.654)</PROPERTY>
</CONSTRAINT>
<CONSTRAINT TYPE="Equals">
	<GIVEN>B</GIVEN>
	<GIVEN>F</GIVEN>
	<ARGS>complement</ARGS>
	<PROPERTY>position = (7329.3115, 4965.7935)</PROPERTY>
</CONSTRAINT>
<CONSTRAINT TYPE="Equals">
	<GIVEN>F</GIVEN>
	<GIVEN>A</GIVEN>
	<ARGS>complement</ARGS>
	<PROPERTY>position = (7470.804, 5093.5415)</PROPERTY>
</CONSTRAINT>
<CONSTRAINT TYPE="Equals">
	<GIVEN>D</GIVEN>
	<GIVEN>F</GIVEN>
	<ARGS>complement</ARGS>
	<PROPERTY>position = (7467.1343, 5168.184)</PROPERTY>
</CONSTRAINT>
<CONSTRAINT TYPE="Equals">
	<GIVEN>D</GIVEN>
	<GIVEN>C</GIVEN>
	<ARGS>complement</ARGS>
	<PROPERTY>position = (7287.5557, 5250.6753)</PROPERTY>
</CONSTRAINT>
<CONSTRAINT TYPE="Equals">
	<GIVEN>E</GIVEN>
	<GIVEN>C</GIVEN>
	<ARGS>complement</ARGS>
	<PROPERTY>position = (7349.3384, 5454.324)</PROPERTY>
</CONSTRAINT>
<CONSTRAINT TYPE="Equals">
	<GIVEN>C</GIVEN>
	<GIVEN>F</GIVEN>
	<ARGS>complement</ARGS>
	<PROPERTY>position = (7385.1367, 5307.632)</PROPERTY>
</CONSTRAINT>
<CONSTRAINT TYPE="Custom">
	<CUSTOMNAME>B-C is even</CUSTOMNAME>
	<GIVEN>B</GIVEN>
	<GIVEN>C</GIVEN>
	<TABLE>
		T F T F F T F T T F T F F T F T 
	</TABLE>
	<PROPERTY>position = (7067.8037, 5333.3203)</PROPERTY>
</CONSTRAINT>
<CONSTRAINT TYPE="Custom">
	<CUSTOMNAME>E != B-2</CUSTOMNAME>
	<GIVEN>E</GIVEN>
	<GIVEN>B</GIVEN>
	<TABLE>
		T T F T T T T F T T T T T T T T 
	</TABLE>
	<PROPERTY>position = (7133.773, 5230.5293)</PROPERTY>
</CONSTRAINT>
<CONSTRAINT TYPE="Custom">
	<CUSTOMNAME>E < D-1</CUSTOMNAME>
	<GIVEN>E</GIVEN>
	<GIVEN>D</GIVEN>
	<TABLE>
		F F T T F F F T F F F F F F F F 
	</TABLE>
	<PROPERTY>position = (7477.498, 5328.7095)</PROPERTY>
</CONSTRAINT>
<CONSTRAINT TYPE="Custom">
	<CUSTOMNAME>E-F is odd</CUSTOMNAME>
	<GIVEN>E</GIVEN>
	<GIVEN>F</GIVEN>
	<TABLE>
		F T F T T F T F F T F T T F T F 
	</TABLE>
	<PROPERTY>position = (7624.7695, 5313.3228)</PROPERTY>
</CONSTRAINT>
<CONSTRAINT TYPE="GreaterThan">
	<GIVEN>D</GIVEN>
	<GIVEN>A</GIVEN>
	<ARGS></ARGS>
	<PROPERTY>position = (7330.388, 5116.5757)</PROPERTY>
</CONSTRAINT>
<CONSTRAINT TYPE="Custom">
	<CUSTOMNAME>|A-C| = 1</CUSTOMNAME>
	<GIVEN>A</GIVEN>
	<GIVEN>C</GIVEN>
	<TABLE>
		F T F F T F T F F T F T F F T F 
	</TABLE>
	<PROPERTY>position = (7248.494, 5204.072)</PROPERTY>
</CONSTRAINT>
</CSP>
</CSPIF>

